ID	English	Category
10220300020	Physical/Physical DEF +${1}%.	skill-effect
10220300159	@{1}~@{2} Do Not Use—buff used to implement the card's Function	skill-effect
10220300246	No derived skill	skill-effect
10220300247	Not currently used	skill-effect
10220300260	Equipment Drop Test	skill-effect
10220300381	Reply @{1}% HP.	skill-effect
10220300404	Every @{1} sec., Reply @{2}% of max HP.	skill-effect
10220300432	You feel fatigued, impairing your ability to explore. (Broadcast required)	skill-effect
10800100036	After ^{1}^{2}[Cart Revolution]^{3}^{4} hits the primary target, it triggers [Money Throw] an Extra @{1} times, dealing PATK*${1}%+${2} Neutral melee Physical damage. This effect has a ${3-second Cooldown.	skill-enhancement
12390100824	Deprecated. If you see this text, please report the issue to the pet system lead.	item-description
12390100816	No Translation Required	item-description
12390100793	Test Name Card@{1}-Permanent	item-description
12390100738	A test gift pack. Open it to receive a large number of potions.	item-description
12390100011	Season Settlement Placeholder	item-description
12390100341	Proof of participation in this Ignition Test. Players who receive this invitation will gain Eligibility for the next test and may also invite one Extra player to join them on an adventure before the next test begins	item-description
10110300333	Spits upward, then after a @{1}-second warning, 【Unidentified Digestive Matter】 falls from the sky at several random locations, dealing A damage within a circular area with a @{2}-meter radius. 【Unidentified Digestive Matter】 lasts @{3}s and slows players and monsters within it	skill-description
10110300357	(No translation required)	skill-description
10110300508	Bobo deals Physical ATK*^{1} to the designated ST enemy within ${1} meters.	skill-description
10110300967	Can only be used while riding a Demonic Wolf. Command the Demonic Wolf to bite @{2} designated targets within @{1} meters, dealing x% Neutral Physical damage and reducing their healing received by @{3}% for @{4} seconds. Damage dealt to controlled targets is increased by @{5}%.	skill-description
10110300975	Stores ^{3}@{2}^{4} stacks every ^{1}@{1}^{2} sec, up to ^{5}@{3}^{6} stacks. Locks onto an enemy within @{4} m and teleports to a position @{5} m in front of the target, ^{7}slowing^{8} them by @{6}% for @{7} sec and dealing ^{9}@{8}%^{10} * Physical ATK as Neutral Physical damage. Immediately gains @{9} Blade stacks, and increases the blade count * and damage of the next Cross Ripper Slasher by ^{11}@{10}%^{12}	skill-description
10110301061	Plant timed Dynamite on a designated ST enemy within ${1} meters. After ${2} seconds, deal Physical ATK * ^{1}${5}%^{2} Poison ranged Physical damage that ignores FLEE to the designated enemy and up to ${4} other enemies within a ${3}-meter radius, and inflict 【^{3}^{4}【Poisoned】^{5}^{6} damage on the target.	skill-description
10220300870	Hidden from players; for designers only	skill-effect
10220300850	System Buff@{1}	skill-effect
10220300837	Add a sound effect at maximum stacks.	skill-effect
10220300786	For designers	skill-effect
10220300733	(No Translation Required)	skill-effect
10220300731	Determine whether it is protected by a shield; hide later	skill-effect
10220300699	When any Protector skill is used, grants the master [Divine Hope] (Physical/Magic DEF +^{1}${1}%^{2}) for ${2}% sec.	skill-effect
10220300674	When a shield/buff-type protection skill is cast, the master recovers *value description* Life upon taking damage (internal cooldown: @{1} seconds) for x seconds.	skill-effect
10220300666	When a Debuff/Control-type protection skill scores a HIT, the enemy takes Extra *specified* damage when hit for @{1} sec. (internal CD: @{2} sec.)	skill-effect
10110300809	[No Translation Required]	skill-description
10110300761	(No Translation Required)	skill-description
10110300332	After a @{1}-second warning, deals damage in a @{2} by @{3} rectangular area toward the current target and applies 【Stomach Acid Corrosion】. Players with 【Stomach Acid Corrosion】 take x damage every second for @{4} seconds	skill-description
10110300330	Creates several circular clouds of mist with a @{1}-meter radius at random locations. Players who enter gain 【Stonecoat】 and take A damage every second. This effect can stack.	skill-description
10110300327	After charging for @{1} seconds, deals A damage to targets in @{5} cone-shaped areas measuring @{2}° by @{3} meters and spaced @{4}° apart. Then turns @{6}° and casts again, for a total of three casts	skill-description
10110300325	Quickly slashes the ground with a blade. After a warning, cleavers fall from the sky at several random locations, dealing A damage within a circular area with a @{1}-foot radius	skill-description
10110300161	No Translation Required	skill-description
